"kgkoe";"ggfest";"dggfest"
"1902201";2798;-2.71
"1902201";2790;-0.29
"1902201";2831;1.47
"1902201";2763;-2.40
"1902201";2605;-5.72
"1902201";2533;-2.76
"1902201";2463;-2.76
"1902202";2801;-3.41
"1902202";2748;-1.89
"1902202";2697;-1.86
"1902202";2575;-4.52
"1902202";2505;-2.72
"1902202";2388;-4.67
"1902202";2296;-3.85
"1902208";2378;-3.29
"1902208";2336;-1.77
"1902208";2248;-3.77
"1902208";2180;-3.02
"1902208";2151;-1.33
"1902208";2053;-4.56
"1902208";1978;-3.65
"1902210";6667;-1.23
"1902210";6579;-1.32
"1902210";6483;-1.46
"1902210";6377;-1.64
"1902210";6136;-3.78
"1902210";5993;-2.33
"1902210";5802;-3.19
"1902213";4461;-2.64
"1902213";4314;-3.30
"1902213";4290;-0.56
"1902213";4167;-2.87
"1902213";4072;-2.28
"1902213";3954;-2.90
"1902213";3854;-2.53
"1902214";2826;-2.25
"1902214";2789;-1.31
"1902214";2815;0.93
"1902214";2778;-1.31
"1902214";2730;-1.73
"1902214";2690;-1.47
"1902214";2631;-2.19
"1902218";3654;-1.40
"1902218";3626;-0.77
"1902218";3639;0.36
"1902218";3550;-2.45
"1902218";3394;-4.39
"1902218";3311;-2.45
"1902218";3195;-3.50
"1902219";3319;-2.50
"1902219";3252;-2.02
"1902219";3188;-1.97
"1902219";3086;-3.20
"1902219";2961;-4.05
"1902219";2865;-3.24
"1902219";2733;-4.61
"1902221";6135;-3.11
"1902221";6009;-2.05
"1902221";5850;-2.65
"1902221";5622;-3.90
"1902221";5403;-3.90
"1902221";5199;-3.78
"1902221";4990;-4.02
"1902222";6760;-1.37
"1902222";6634;-1.86
"1902222";6539;-1.43
"1902222";6421;-1.80
"1902222";6267;-2.40
"1902222";6084;-2.92
"1902222";5921;-2.68
"1902225";1744;-1.08
"1902225";1742;-0.11
"1902225";1674;-3.90
"1902225";1777;6.15
"1902225";1772;-0.28
"1902225";1763;-0.51
"1902225";1723;-2.27
"1902226";4026;-2.42
"1902226";3917;-2.71
"1902226";3840;-1.97
"1902226";3724;-3.02
"1902226";3598;-3.38
"1902226";3504;-2.61
"1902226";3373;-3.74
"1902227";1940;-1.02
"1902227";1912;-1.44
"1902227";1893;-0.99
"1902227";1854;-2.06
"1902227";1890;1.94
"1902227";1842;-2.54
"1902227";1799;-2.33
"1902231";1785;-1.76
"1902231";1778;-0.39
"1902231";1751;-1.52
"1902231";1716;-2.00
"1902231";1674;-2.45
"1902231";1608;-3.94
"1902231";1588;-1.24
"1902236";3297;-2.11
"1902236";3251;-1.40
"1902236";3167;-2.58
"1902236";3105;-1.96
"1902236";3055;-1.61
"1902236";2980;-2.45
"1902236";2898;-2.75
"1902238";1185;-2.47
"1902238";1147;-3.21
"1902238";1157;0.87
"1902238";1129;-2.42
"1902238";1136;0.62
"1902238";1096;-3.52
"1902238";1060;-3.28
"1902239";3455;-2.29
"1902239";3358;-2.81
"1902239";3172;-5.54
"1902239";3197;0.79
"1902239";3117;-2.50
"1902239";2980;-4.40
"1902239";2930;-1.68
"1902242";10685;-2.45
"1902242";10594;-0.85
"1902242";10370;-2.11
"1902242";10150;-2.12
"1902242";9935;-2.12
"1902242";9814;-1.22
"1902242";9657;-1.60
"1902243";4091;-2.27
"1902243";3955;-3.32
"1902243";3858;-2.45
"1902243";3720;-3.58
"1902243";3605;-3.09
"1902243";3409;-5.44
"1902243";3332;-2.26
"1902249";10087;-2.99
"1902249";9871;-2.14
"1902249";9581;-2.94
"1902249";9211;-3.86
"1902249";8909;-3.28
"1902249";8584;-3.65
"1902249";8315;-3.13
"1902254";8265;-2.32
"1902254";8012;-3.06
"1902254";8200;2.35
"1902254";7707;-6.01
"1902254";7500;-2.69
"1902254";7199;-4.01
"1902254";7013;-2.58
"1902266";3501;-2.32
"1902266";3501;0.00
"1902266";3489;-0.34
"1902266";3342;-4.21
"1902266";3277;-1.94
"1902266";3200;-2.35
"1902266";3071;-4.03
"1902281";2189;8.58
"1902281";2199;0.46
"1902281";2320;5.50
"1902281";2278;-1.81
"1902281";2360;3.60
"1902281";2352;-0.34
"1902281";2325;-1.15
"1902308";4768;-2.67
"1902308";4690;-1.64
"1902308";4605;-1.81
"1902308";4504;-2.19
"1902308";4405;-2.20
"1902308";4307;-2.22
"1902308";4174;-3.09
"1902309";4273;-1.29
"1902309";4205;-1.59
"1902309";4177;-0.67
"1902309";4111;-1.58
"1902309";4035;-1.85
"1902309";3912;-3.05
"1902309";3862;-1.28
"1902312";4510;-1.40
"1902312";4412;-2.17
"1902312";4315;-2.20
"1902312";4223;-2.13
"1902312";4162;-1.44
"1902312";4134;-0.67
"1902312";4002;-3.19
"1902314";4880;-3.40
"1902314";4757;-2.52
"1902314";4702;-1.16
"1902314";4598;-2.21
"1902314";4517;-1.76
"1902314";4396;-2.68
"1902314";4207;-4.30
"1902316";10109;-2.39
"1902316";9872;-2.34
"1902316";9828;-0.45
"1902316";9561;-2.72
"1902316";9298;-2.75
"1902316";8968;-3.55
"1902316";8667;-3.36
"1902320";4961;-1.80
"1902320";4832;-2.60
"1902320";4728;-2.15
"1902320";4653;-1.59
"1902320";4550;-2.21
"1902320";4422;-2.81
"1902320";4297;-2.83
"1902322";4258;-2.76
"1902322";4217;-0.96
"1902322";4094;-2.92
"1902322";3970;-3.03
"1902322";3888;-2.07
"1902322";3762;-3.24
"1902322";3601;-4.28
"1902323";5007;-2.57
"1902323";4866;-2.82
"1902323";4811;-1.13
"1902323";4720;-1.89
"1902323";4660;-1.27
"1902323";4620;-0.86
"1902323";4551;-1.49
"1902325";5347;-0.63
"1902325";5230;-2.19
"1902325";5165;-1.24
"1902325";5121;-0.85
"1902325";5014;-2.09
"1902325";4924;-1.79
"1902325";4784;-2.84
"1902326";3685;-1.50
"1902326";3643;-1.14
"1902326";3624;-0.52
"1902326";3590;-0.94
"1902326";3478;-3.12
"1902326";3400;-2.24
"1902326";3308;-2.71
"1902328";6025;-2.33
"1902328";5856;-2.80
"1902328";5851;-0.09
"1902328";5690;-2.75
"1902328";5569;-2.13
"1902328";5419;-2.69
"1902328";5222;-3.64
"1902329";5528;-2.23
"1902329";5384;-2.60
"1902329";5294;-1.67
"1902329";5165;-2.44
"1902329";4970;-3.78
"1902329";4825;-2.92
"1902329";4695;-2.69
"1902330";6476;-1.92
"1902330";6328;-2.29
"1902330";6237;-1.44
"1902330";6107;-2.08
"1902330";5966;-2.31
"1902330";5866;-1.68
"1902330";5790;-1.30
"1902331";14330;-1.84
"1902331";14078;-1.76
"1902331";13946;-0.94
"1902331";13562;-2.75
"1902331";13266;-2.18
"1902331";12899;-2.77
"1902331";12552;-2.69
"1902332";6638;-1.89
"1902332";6446;-2.89
"1902332";6346;-1.55
"1902332";6201;-2.28
"1902332";6040;-2.60
"1902332";5862;-2.95
"1902332";5668;-3.31
"1902501";3628;-1.65
"1902501";3605;-0.63
"1902501";3553;-1.44
"1902501";3522;-0.87
"1902501";3432;-2.56
"1902501";3418;-0.41
"1902501";3329;-2.60
"1902502";4091;-1.56
"1902502";3989;-2.49
"1902502";3910;-1.98
"1902502";3802;-2.76
"1902502";3753;-1.29
"1902502";3655;-2.61
"1902502";3534;-3.31
"1902503";8105;-1.09
"1902503";8089;-0.20
"1902503";7845;-3.02
"1902503";7687;-2.01
"1902503";7492;-2.54
"1902503";7265;-3.03
"1902503";7039;-3.11
"1902504";5533;-2.00
"1902504";5442;-1.64
"1902504";5283;-2.92
"1902504";5153;-2.46
"1902504";5011;-2.76
"1902504";4851;-3.19
"1902504";4711;-2.89
"1902505";4123;-1.25
"1902505";4105;-0.44
"1902505";4050;-1.34
"1902505";3979;-1.75
"1902505";3961;-0.45
"1902505";3949;-0.30
"1902505";3930;-0.48
"1902506";11506;-1.84
"1902506";11290;-1.88
"1902506";10752;-4.77
"1902506";10726;-0.24
"1902506";10425;-2.81
"1902506";10110;-3.02
"1902506";9813;-2.94
"1902507";9750;-2.40
"1902507";9653;-0.99
"1902507";9252;-4.15
"1902507";9274;0.24
"1902507";9058;-2.33
"1902507";8838;-2.43
"1902507";8595;-2.75
"1902508";10134;-2.50
"1902508";9950;-1.82
"1902508";9591;-3.61
"1902508";9428;-1.70
"1902508";9157;-2.87
"1902508";8929;-2.49
"1902508";8656;-3.06
"1902509";10940;0.08
"1902509";10711;-2.09
"1902509";10234;-4.45
"1902509";10085;-1.46
"1902509";9749;-3.33
"1902509";9476;-2.80
"1902509";9198;-2.93
"1902510";11196;-1.59
"1902510";11065;-1.17
"1902510";10434;-5.70
"1902510";10494;0.58
"1902510";10287;-1.97
"1902510";9994;-2.85
"1902510";9687;-3.07
"1902511";6482;-1.28
"1902511";6358;-1.91
"1902511";6264;-1.48
"1902511";6154;-1.76
"1902511";6006;-2.40
"1902511";5818;-3.13
"1902511";5615;-3.49
"1902512";7792;-2.22
"1902512";7613;-2.30
"1902512";7433;-2.36
"1902512";7322;-1.49
"1902512";7181;-1.93
"1902512";6996;-2.58
"1902512";6774;-3.17
"1902515";13477;-1.79
"1902515";13405;-0.53
"1902515";13024;-2.84
"1902515";12846;-1.37
"1902515";12535;-2.42
"1902515";12190;-2.75
"1902515";11808;-3.13
"1902516";7541;-4.22
"1902516";7093;-5.94
"1902516";6619;-6.68
"1902516";6351;-4.05
"1902516";6014;-5.31
"1902516";5855;-2.64
"1902516";5504;-5.99
"1902517";14379;-2.81
"1902517";14053;-2.27
"1902517";13646;-2.90
"1902517";13331;-2.31
"1902517";12982;-2.62
"1902517";12698;-2.19
"1902517";12326;-2.93
"1902518";3172;-0.78
"1902518";3112;-1.89
"1902518";3051;-1.96
"1902518";3124;2.39
"1902518";3044;-2.56
"1902518";2910;-4.40
"1902518";2873;-1.27
"1902519";7684;-2.70
"1902519";7611;-0.95
"1902519";7420;-2.51
"1902519";7324;-1.29
"1902519";7189;-1.84
"1902519";7044;-2.02
"1902519";6819;-3.19
"1902520";2276;-0.83
"1902520";2229;-2.07
"1902520";2177;-2.33
"1902520";2127;-2.30
"1902520";2111;-0.75
"1902520";2049;-2.94
"1902520";1971;-3.81
"1902521";3475;-2.00
"1902521";3468;-0.20
"1902521";3386;-2.36
"1902521";3427;1.21
"1902521";3381;-1.34
"1902521";3337;-1.30
"1902521";3295;-1.26
"1902522";6571;-2.25
"1902522";6324;-3.76
"1902522";6088;-3.73
"1902522";5865;-3.66
"1902522";5606;-4.42
"1902522";5399;-3.69
"1902522";5236;-3.02
"1902523";7105;-1.37
"1902523";7009;-1.35
"1902523";6970;-0.56
"1902523";6932;-0.55
"1902523";6792;-2.02
"1902523";6724;-1.00
"1902523";6667;-0.85
"1902524";924;-4.25
"1902524";909;-1.62
"1902524";912;0.33
"1902524";884;-3.07
"1902524";815;-7.81
"1902524";783;-3.93
"1902524";727;-7.15
"1902525";7949;-2.37
"1902525";7915;-0.43
"1902525";7745;-2.15
"1902525";7655;-1.16
"1902525";7385;-3.53
"1902525";7209;-2.38
"1902525";7006;-2.82
"1902526";13891;-1.92
"1902526";13656;-1.69
"1902526";13108;-4.01
"1902526";13000;-0.82
"1902526";12541;-3.53
"1902526";12221;-2.55
"1902526";11904;-2.59
"1902527";4119;-1.55
"1902527";4067;-1.26
"1902527";4001;-1.62
"1902527";3927;-1.85
"1902527";3818;-2.78
"1902527";3748;-1.83
"1902527";3680;-1.81
"1902528";7647;-1.72
"1902528";7599;-0.63
"1902528";7288;-4.09
"1902528";7222;-0.91
"1902528";7085;-1.90
"1902528";6938;-2.07
"1902528";6799;-2.00
"1902529";5209;-1.96
"1902529";5053;-2.99
"1902529";4880;-3.42
"1902529";4733;-3.01
"1902529";4633;-2.11
"1902529";4528;-2.27
"1902529";4446;-1.81
"1902530";9801;-2.06
"1902530";9562;-2.44
"1902530";9278;-2.97
"1902530";9049;-2.47
"1902530";8757;-3.23
"1902530";8533;-2.56
"1902530";8350;-2.14
"1903004";2412;-2.74
"1903004";2359;-2.20
"1903004";2225;-5.68
"1903004";2134;-4.09
"1903004";2079;-2.58
"1903004";2056;-1.11
"1903004";1955;-4.91
"1903022";2212;-1.60
"1903022";2167;-2.03
"1903022";2114;-2.45
"1903022";2058;-2.65
"1903022";1972;-4.18
"1903022";1999;1.37
"1903022";1938;-3.05
"1903023";12007;-2.47
"1903023";11793;-1.78
"1903023";11521;-2.31
"1903023";11478;-0.37
"1903023";11241;-2.06
"1903023";11177;-0.57
"1903023";10805;-3.33
"1903024";14646;-2.05
"1903024";14344;-2.06
"1903024";13841;-3.51
"1903024";13858;0.12
"1903024";13436;-3.05
"1903024";13189;-1.84
"1903024";12728;-3.50
"1903025";14601;-3.13
"1903025";14242;-2.46
"1903025";13336;-6.36
"1903025";13297;-0.29
"1903025";12840;-3.44
"1903025";12545;-2.30
"1903025";12001;-4.34
"1903026";13987;-3.10
"1903026";13695;-2.09
"1903026";13326;-2.69
"1903026";13039;-2.15
"1903026";12182;-6.57
"1903026";12046;-1.12
"1903026";11585;-3.83
"1903027";18366;-1.58
"1903027";17884;-2.62
"1903027";17600;-1.59
"1903027";17157;-2.52
"1903027";16627;-3.09
"1903027";16254;-2.24
"1903027";15819;-2.68
"1903028";10242;-2.69
"1903028";10025;-2.12
"1903028";9686;-3.38
"1903028";9475;-2.18
"1903028";9286;-1.99
"1903028";9107;-1.93
"1903028";8757;-3.84
"1903106";3565;-1.52
"1903106";3538;-0.76
"1903106";3470;-1.92
"1903106";3462;-0.23
"1903106";3392;-2.02
"1903106";3329;-1.86
"1903106";3280;-1.47
"1903112";6422;-1.37
"1903112";6366;-0.87
"1903112";6298;-1.07
"1903112";6211;-1.38
"1903112";6136;-1.21
"1903112";6078;-0.95
"1903112";5956;-2.01
"1903117";7226;-0.95
"1903117";7146;-1.11
"1903117";7054;-1.29
"1903117";6911;-2.03
"1903117";6704;-3.00
"1903117";6549;-2.31
"1903117";6443;-1.62
"1903118";19193;-1.72
"1903118";18784;-2.13
"1903118";18431;-1.88
"1903118";17860;-3.10
"1903118";17436;-2.37
"1903118";17005;-2.47
"1903118";16537;-2.75
"1903119";24212;-0.77
"1903119";23875;-1.39
"1903119";23634;-1.01
"1903119";23199;-1.84
"1903119";22819;-1.64
"1903119";22384;-1.91
"1903119";22018;-1.64
"1903201";4589;-1.50
"1903201";4568;-0.46
"1903201";4520;-1.05
"1903201";4462;-1.28
"1903201";4402;-1.34
"1903201";4322;-1.82
"1903201";4263;-1.37
"1903203";2934;0.38
"1903203";2965;1.06
"1903203";2849;-3.91
"1903203";2873;0.84
"1903203";2794;-2.75
"1903203";2735;-2.11
"1903203";2686;-1.79
"1903204";4283;0.28
"1903204";4238;-1.05
"1903204";4209;-0.68
"1903204";4175;-0.81
"1903204";4099;-1.82
"1903204";3993;-2.59
"1903204";3860;-3.33
"1903205";22298;-1.96
"1903205";21860;-1.96
"1903205";21489;-1.70
"1903205";21151;-1.57
"1903205";20607;-2.57
"1903205";20040;-2.75
"1903205";19509;-2.65
"1903207";3528;0.03
"1903207";3434;-2.66
"1903207";3375;-1.72
"1903207";3324;-1.51
"1903207";3259;-1.96
"1903207";3183;-2.33
"1903207";3097;-2.70
"1903208";2716;-1.81
"1903208";2655;-2.25
"1903208";2574;-3.05
"1903208";2527;-1.83
"1903208";2472;-2.18
"1903208";2401;-2.87
"1903208";2379;-0.92
"1903209";5132;-0.83
"1903209";5060;-1.40
"1903209";4981;-1.56
"1903209";4891;-1.81
"1903209";4818;-1.49
"1903209";4740;-1.62
"1903209";4678;-1.31
"1903212";3731;-0.90
"1903212";3718;-0.35
"1903212";3698;-0.54
"1903212";3696;-0.05
"1903212";3667;-0.78
"1903212";3654;-0.35
"1903212";3644;-0.27
"1903218";4647;-1.78
"1903218";4650;0.06
"1903218";4683;0.71
"1903218";4591;-1.96
"1903218";4541;-1.09
"1903218";4447;-2.07
"1903218";4385;-1.39
"1903219";1876;0.11
"1903219";1827;-2.61
"1903219";1852;1.37
"1903219";1814;-2.05
"1903219";1833;1.05
"1903219";1812;-1.15
"1903219";1773;-2.15
"1903221";14052;-1.93
"1903221";13852;-1.42
"1903221";13624;-1.65
"1903221";13356;-1.97
"1903221";13165;-1.43
"1903221";12947;-1.66
"1903221";12626;-2.48
"1903222";6166;-2.56
"1903222";6006;-2.59
"1903222";5855;-2.51
"1903222";5615;-4.10
"1903222";5470;-2.58
"1903222";5296;-3.18
"1903222";5117;-3.38
"1903223";6477;-0.89
"1903223";6426;-0.79
"1903223";6306;-1.87
"1903223";6279;-0.43
"1903223";6201;-1.24
"1903223";6107;-1.52
"1903223";6077;-0.49
"1903224";4636;-1.74
"1903224";4578;-1.25
"1903224";4504;-1.62
"1903224";4387;-2.60
"1903224";4264;-2.80
"1903224";4175;-2.09
"1903224";4025;-3.59
"1903225";7153;-1.58
"1903225";7080;-1.02
"1903225";6926;-2.18
"1903225";6751;-2.53
"1903225";6560;-2.83
"1903225";6327;-3.55
"1903225";6170;-2.48
"1903226";6529;-2.35
"1903226";6378;-2.31
"1903226";6219;-2.49
"1903226";6096;-1.98
"1903226";5911;-3.03
"1903226";5802;-1.84
"1903226";5574;-3.93
"1903227";2980;-2.96
"1903227";2918;-2.08
"1903227";2832;-2.95
"1903227";2784;-1.69
"1903227";2719;-2.33
"1903227";2626;-3.42
"1903227";2605;-0.80
"1903303";5227;-1.90
"1903303";5159;-1.30
"1903303";5037;-2.36
"1903303";4938;-1.97
"1903303";4833;-2.13
"1903303";4729;-2.15
"1903303";4640;-1.88
"1903304";3297;-2.14
"1903304";3218;-2.40
"1903304";3156;-1.93
"1903304";3079;-2.44
"1903304";3003;-2.47
"1903304";2905;-3.26
"1903304";2806;-3.41
"1903305";2350;0.13
"1903305";2286;-2.72
"1903305";2286;0.00
"1903305";2252;-1.49
"1903305";2211;-1.82
"1903305";2137;-3.35
"1903305";2108;-1.36
"1903306";3602;-1.83
"1903306";3591;-0.31
"1903306";3517;-2.06
"1903306";3411;-3.01
"1903306";3315;-2.81
"1903306";3262;-1.60
"1903306";3153;-3.34
"1903310";8185;-0.84
"1903310";7991;-2.37
"1903310";7697;-3.68
"1903310";7465;-3.01
"1903310";7239;-3.03
"1903310";7039;-2.76
"1903310";6867;-2.44
"1903313";2520;-0.32
"1903313";2495;-0.99
"1903313";2489;-0.24
"1903313";2482;-0.28
"1903313";2457;-1.01
"1903313";2436;-0.85
"1903313";2389;-1.93
"1903315";3949;-0.68
"1903315";3859;-2.28
"1903315";3757;-2.64
"1903315";3571;-4.95
"1903315";3437;-3.75
"1903315";3388;-1.43
"1903315";3331;-1.68
"1903319";10011;-1.50
"1903319";9747;-2.64
"1903319";9417;-3.39
"1903319";9181;-2.51
"1903319";8888;-3.19
"1903319";8603;-3.21
"1903319";8297;-3.56
"1903320";3801;-2.59
"1903320";3723;-2.05
"1903320";3756;0.89
"1903320";3702;-1.44
"1903320";3583;-3.21
"1903320";3524;-1.65
"1903320";3446;-2.21
"1903323";2785;-0.29
"1903323";2768;-0.61
"1903323";2714;-1.95
"1903323";2630;-3.10
"1903323";2565;-2.47
"1903323";2489;-2.96
"1903323";2455;-1.37
"1903324";33;17.86
"1903324";31;-6.06
"1903324";31;0.00
"1903324";30;-3.23
"1903324";32;6.67
"1903324";31;-3.13
"1903324";29;-6.45
"1903328";4414;-1.82
"1903328";4356;-1.31
"1903328";4266;-2.07
"1903328";4260;-0.14
"1903328";4218;-0.99
"1903328";4154;-1.52
"1903328";4124;-0.72
"1903329";2322;-3.73
"1903329";2304;-0.78
"1903329";2239;-2.82
"1903329";2218;-0.94
"1903329";2175;-1.94
"1903329";2118;-2.62
"1903329";2080;-1.79
"1903330";4898;-2.16
"1903330";4777;-2.47
"1903330";4675;-2.14
"1903330";4591;-1.80
"1903330";4462;-2.81
"1903330";4327;-3.03
"1903330";4172;-3.58
"1903331";12959;-1.92
"1903331";12701;-1.99
"1903331";12370;-2.61
"1903331";12213;-1.27
"1903331";11852;-2.96
"1903331";11448;-3.41
"1903331";11160;-2.52
"1903381";1091;-2.76
"1903381";1059;-2.93
"1903381";1113;5.10
"1903381";983;-11.68
"1903381";929;-5.49
"1903381";881;-5.17
"1903381";853;-3.18
"1903401";1324;-2.22
"1903401";1307;-1.28
"1903401";1249;-4.44
"1903401";1266;1.36
"1903401";1235;-2.45
"1903401";1205;-2.43
"1903401";1190;-1.24
"1903402";4077;-1.12
"1903402";3962;-2.82
"1903402";3889;-1.84
"1903402";3852;-0.95
"1903402";3784;-1.77
"1903402";3734;-1.32
"1903402";3661;-1.96
"1903403";2041;-1.35
"1903403";2022;-0.93
"1903403";1991;-1.53
"1903403";2010;0.95
"1903403";1974;-1.79
"1903403";1934;-2.03
"1903403";1870;-3.31
"1903404";10524;-0.98
"1903404";10365;-1.51
"1903404";10304;-0.59
"1903404";10159;-1.41
"1903404";9913;-2.42
"1903404";9658;-2.57
"1903404";9428;-2.38
"1903405";3758;0.13
"1903405";3727;-0.82
"1903405";3693;-0.91
"1903405";3651;-1.14
"1903405";3582;-1.89
"1903405";3557;-0.70
"1903405";3486;-2.00
"1903406";8340;-2.06
"1903406";8189;-1.81
"1903406";8042;-1.80
"1903406";7886;-1.94
"1903406";7648;-3.02
"1903406";7443;-2.68
"1903406";7212;-3.10
"1903407";10449;-1.48
"1903407";10270;-1.71
"1903407";10045;-2.19
"1903407";9926;-1.18
"1903407";9721;-2.07
"1903407";9545;-1.81
"1903407";9332;-2.23
"1903408";6210;-2.51
"1903408";6185;-0.40
"1903408";6242;0.92
"1903408";5902;-5.45
"1903408";5780;-2.07
"1903408";5640;-2.42
"1903408";5560;-1.42
"1903501";11133;-1.97
"1903501";10847;-2.57
"1903501";10787;-0.55
"1903501";10535;-2.34
"1903501";10334;-1.91
"1903501";10034;-2.90
"1903501";9767;-2.66
"1903503";7973;-0.87
"1903503";7898;-0.94
"1903503";7795;-1.30
"1903503";7560;-3.01
"1903503";7458;-1.35
"1903503";7251;-2.78
"1903503";7110;-1.94
"1903504";7435;-1.78
"1903504";7349;-1.16
"1903504";7298;-0.69
"1903504";7164;-1.84
"1903504";6980;-2.57
"1903504";6798;-2.61
"1903504";6651;-2.16
"1903507";13457;-1.30
"1903507";13096;-2.68
"1903507";12873;-1.70
"1903507";12350;-4.06
"1903507";12028;-2.61
"1903507";11664;-3.03
"1903507";11363;-2.58
"1903508";4408;-1.39
"1903508";4340;-1.54
"1903508";4333;-0.16
"1903508";4189;-3.32
"1903508";4067;-2.91
"1903508";3973;-2.31
"1903508";3895;-1.96
"1903509";4631;-1.15
"1903509";4514;-2.53
"1903509";4455;-1.31
"1903509";4308;-3.30
"1903509";4192;-2.69
"1903509";4117;-1.79
"1903509";4040;-1.87
"1903514";2283;1.74
"1903514";2258;-1.10
"1903514";2276;0.80
"1903514";2250;-1.14
"1903514";2236;-0.62
"1903514";2275;1.74
"1903514";2221;-2.37
"1903516";8164;-0.81
"1903516";8249;1.04
"1903516";8197;-0.63
"1903516";8023;-2.12
"1903516";7915;-1.35
"1903516";7860;-0.69
"1903516";7627;-2.96
"1903520";5828;-1.69
"1903520";5733;-1.63
"1903520";5640;-1.62
"1903520";5484;-2.77
"1903520";5426;-1.06
"1903520";5317;-2.01
"1903520";5235;-1.54
"1903521";5276;-1.86
"1903521";5206;-1.33
"1903521";5197;-0.17
"1903521";5171;-0.50
"1903521";5054;-2.26
"1903521";4944;-2.18
"1903521";4878;-1.33
"1903522";5695;-0.02
"1903522";5705;0.18
"1903522";5710;0.09
"1903522";5610;-1.75
"1903522";5452;-2.82
"1903522";5413;-0.72
"1903522";5312;-1.87
"1903523";6534;-1.13
"1903523";6421;-1.73
"1903523";6412;-0.14
"1903523";6231;-2.82
"1903523";6138;-1.49
"1903523";5955;-2.98
"1903523";5857;-1.65
"1903601";6199;-1.68
"1903601";6046;-2.47
"1903601";5974;-1.19
"1903601";5809;-2.76
"1903601";5636;-2.98
"1903601";5416;-3.90
"1903601";5292;-2.29
"1903603";3910;-3.03
"1903603";3856;-1.38
"1903603";3792;-1.66
"1903603";3714;-2.06
"1903603";3615;-2.67
"1903603";3511;-2.88
"1903603";3382;-3.67
"1903605";6160;-1.31
"1903605";5996;-2.66
"1903605";5945;-0.85
"1903605";5738;-3.48
"1903605";5561;-3.08
"1903605";5456;-1.89
"1903605";5259;-3.61
"1903606";2938;-2.94
"1903606";2873;-2.21
"1903606";2817;-1.95
"1903606";2773;-1.56
"1903606";2733;-1.44
"1903606";2665;-2.49
"1903606";2564;-3.79
"1903607";5118;-2.72
"1903607";5037;-1.58
"1903607";5004;-0.66
"1903607";4935;-1.38
"1903607";4786;-3.02
"1903607";4662;-2.59
"1903607";4527;-2.90
"1903608";7233;-1.46
"1903608";7060;-2.39
"1903608";6877;-2.59
"1903608";6779;-1.43
"1903608";6542;-3.50
"1903608";6329;-3.26
"1903608";6171;-2.50
"1903609";1852;-2.32
"1903609";1833;-1.03
"1903609";1776;-3.11
"1903609";1775;-0.06
"1903609";1732;-2.42
"1903609";1724;-0.46
"1903609";1699;-1.45
"1903610";1968;-1.94
"1903610";1952;-0.81
"1903610";1698;-13.01
"1903610";1911;12.54
"1903610";1886;-1.31
"1903610";1900;0.74
"1903610";1869;-1.63
"1903611";2432;-2.21
"1903611";2422;-0.41
"1903611";2360;-2.56
"1903611";2329;-1.31
"1903611";2299;-1.29
"1903611";2240;-2.57
"1903611";2200;-1.79
"1903613";3570;-1.95
"1903613";3547;-0.64
"1903613";3534;-0.37
"1903613";3471;-1.78
"1903613";3403;-1.96
"1903613";3303;-2.94
"1903613";3215;-2.66
"1903614";3501;-0.88
"1903614";3441;-1.71
"1903614";3388;-1.54
"1903614";3305;-2.45
"1903614";3264;-1.24
"1903614";3204;-1.84
"1903614";3120;-2.62
"1903615";3028;-1.91
"1903615";2997;-1.02
"1903615";2963;-1.13
"1903615";2914;-1.65
"1903615";2866;-1.65
"1903615";2762;-3.63
"1903615";2726;-1.30
"1903616";5350;-2.43
"1903616";5249;-1.89
"1903616";5124;-2.38
"1903616";5013;-2.17
"1903616";4929;-1.68
"1903616";4803;-2.56
"1903616";4692;-2.31
"1903617";2657;-2.28
"1903617";2624;-1.24
"1903617";2597;-1.03
"1903617";2545;-2.00
"1903617";2498;-1.85
"1903617";2474;-0.96
"1903617";2421;-2.14
"1903618";2860;-1.52
"1903618";2717;-5.00
"1903618";2730;0.48
"1903618";2682;-1.76
"1903618";2612;-2.61
"1903618";2530;-3.14
"1903618";2452;-3.08
"1903623";7276;-1.48
"1903623";7239;-0.51
"1903623";7035;-2.82
"1903623";6886;-2.12
"1903623";6703;-2.66
"1903623";6623;-1.19
"1903623";6547;-1.15
"1903702";2481;-1.43
"1903702";2465;-0.64
"1903702";2477;0.49
"1903702";2430;-1.90
"1903702";2350;-3.29
"1903702";2325;-1.06
"1903702";2285;-1.72
"1903704";2416;-1.39
"1903704";2358;-2.40
"1903704";2275;-3.52
"1903704";2262;-0.57
"1903704";2213;-2.17
"1903704";2206;-0.32
"1903704";2165;-1.86
"1903705";11288;-1.67
"1903705";11137;-1.34
"1903705";10949;-1.69
"1903705";10759;-1.74
"1903705";10566;-1.79
"1903705";10382;-1.74
"1903705";10177;-1.97
"1903707";2267;-0.13
"1903707";2207;-2.65
"1903707";2158;-2.22
"1903707";2077;-3.75
"1903707";2045;-1.54
"1903707";2031;-0.68
"1903707";1989;-2.07
"1903708";5066;-2.82
"1903708";4920;-2.88
"1903708";4769;-3.07
"1903708";4750;-0.40
"1903708";4663;-1.83
"1903708";4490;-3.71
"1903708";4367;-2.74
"1903711";2553;-2.45
"1903711";2507;-1.80
"1903711";2460;-1.87
"1903711";2348;-4.55
"1903711";2243;-4.47
"1903711";2174;-3.08
"1903711";2080;-4.32
"1903712";4078;-1.64
"1903712";4021;-1.40
"1903712";3885;-3.38
"1903712";3746;-3.58
"1903712";3660;-2.30
"1903712";3585;-2.05
"1903712";3447;-3.85
"1903714";9755;-2.06
"1903714";9607;-1.52
"1903714";9379;-2.37
"1903714";9113;-2.84
"1903714";8794;-3.50
"1903714";8507;-3.26
"1903714";8213;-3.46
"1903716";2548;-3.19
"1903716";2482;-2.59
"1903716";2434;-1.93
"1903716";2390;-1.81
"1903716";2356;-1.42
"1903716";2317;-1.66
"1903716";2242;-3.24
"1903720";2612;-3.69
"1903720";2550;-2.37
"1903720";2462;-3.45
"1903720";2452;-0.41
"1903720";2377;-3.06
"1903720";2352;-1.05
"1903720";2313;-1.66
"1903721";3172;-0.47
"1903721";3183;0.35
"1903721";3029;-4.84
"1903721";3065;1.19
"1903721";2948;-3.82
"1903721";2889;-2.00
"1903721";2812;-2.67
"1903722";1634;-2.27
"1903722";1612;-1.35
"1903722";1572;-2.48
"1903722";1537;-2.23
"1903722";1499;-2.47
"1903722";1460;-2.60
"1903722";1413;-3.22
"1903723";3951;-1.59
"1903723";3871;-2.02
"1903723";3794;-1.99
"1903723";3777;-0.45
"1903723";3722;-1.46
"1903723";3664;-1.56
"1903723";3608;-1.53
"1903724";3420;-2.01
"1903724";3346;-2.16
"1903724";3200;-4.36
"1903724";3227;0.84
"1903724";3204;-0.71
"1903724";3156;-1.50
"1903724";3086;-2.22
"1903725";3804;-1.78
"1903725";3695;-2.87
"1903725";3604;-2.46
"1903725";3572;-0.89
"1903725";3466;-2.97
"1903725";3409;-1.64
"1903725";3279;-3.81
"1903727";2789;-1.52
"1903727";2742;-1.69
"1903727";2681;-2.22
"1903727";2673;-0.30
"1903727";2629;-1.65
"1903727";2615;-0.53
"1903727";2576;-1.49
"1903728";3320;-1.25
"1903728";3263;-1.72
"1903728";3139;-3.80
"1903728";3133;-0.19
"1903728";3053;-2.55
"1903728";3008;-1.47
"1903728";2953;-1.83
"1903730";2975;-1.26
"1903730";2916;-1.98
"1903730";2864;-1.78
"1903730";2846;-0.63
"1903730";2842;-0.14
"1903730";2768;-2.60
"1903730";2701;-2.42
"1903732";2341;-2.38
"1903732";2290;-2.18
"1903732";2247;-1.88
"1903732";2267;0.89
"1903732";2246;-0.93
"1903732";2228;-0.80
"1903732";2176;-2.33
"1903735";2999;-0.53
"1903735";2986;-0.43
"1903735";2922;-2.14
"1903735";2892;-1.03
"1903735";2829;-2.18
"1903735";2788;-1.45
"1903735";2737;-1.83
"1903737";10195;-0.73
"1903737";10025;-1.67
"1903737";9683;-3.41
"1903737";9680;-0.03
"1903737";9387;-3.03
"1903737";9188;-2.12
"1903737";9012;-1.92
"1903738";8945;-1.76
"1903738";8837;-1.21
"1903738";8566;-3.07
"1903738";8377;-2.21
"1903738";8145;-2.77
"1903738";7943;-2.48
"1903738";7738;-2.58
"1903740";8398;-0.79
"1903740";8332;-0.79
"1903740";8091;-2.89
"1903740";7953;-1.71
"1903740";7750;-2.55
"1903740";7534;-2.79
"1903740";7377;-2.08
"1903741";11290;-2.14
"1903741";11052;-2.11
"1903741";10805;-2.23
"1903741";10549;-2.37
"1903741";10391;-1.50
"1903741";10081;-2.98
"1903741";9906;-1.74
"1903781";1645;-0.06
"1903781";1671;1.58
"1903781";1960;17.30
"1903781";1725;-11.99
"1903781";1770;2.61
"1903781";1750;-1.13
"1903781";1745;-0.29
"1903801";3441;-1.83
"1903801";3398;-1.25
"1903801";3291;-3.15
"1903801";3229;-1.88
"1903801";3112;-3.62
"1903801";3010;-3.28
"1903801";2989;-0.70
"1903803";2737;2.82
"1903803";2728;-0.33
"1903803";2681;-1.72
"1903803";2677;-0.15
"1903803";2607;-2.61
"1903803";2583;-0.92
"1903803";2512;-2.75
"1903810";5230;-0.34
"1903810";5014;-4.13
"1903810";4819;-3.89
"1903810";4745;-1.54
"1903810";4622;-2.59
"1903810";4460;-3.50
"1903810";4342;-2.65
"1903816";2877;-2.80
"1903816";2784;-3.23
"1903816";2741;-1.54
"1903816";2657;-3.06
"1903816";2606;-1.92
"1903816";2541;-2.49
"1903816";2421;-4.72
"1903817";3589;-2.68
"1903817";3552;-1.03
"1903817";3387;-4.65
"1903817";3387;0.00
"1903817";3337;-1.48
"1903817";3305;-0.96
"1903817";3239;-2.00
"1903825";3309;-0.57
"1903825";3239;-2.12
"1903825";3156;-2.56
"1903825";3123;-1.05
"1903825";2770;-11.30
"1903825";2695;-2.71
"1903825";2658;-1.37
"1903827";8097;-1.80
"1903827";7900;-2.43
"1903827";7987;1.10
"1903827";7689;-3.73
"1903827";7728;0.51
"1903827";7614;-1.48
"1903827";7478;-1.79
"1903828";5892;-3.77
"1903828";5891;-0.02
"1903828";5664;-3.85
"1903828";5501;-2.88
"1903828";5298;-3.69
"1903828";5152;-2.76
"1903828";5039;-2.19
"1903830";22530;-1.98
"1903830";22131;-1.77
"1903830";21357;-3.50
"1903830";20870;-2.28
"1903830";20241;-3.01
"1903830";19686;-2.74
"1903830";19025;-3.36
"1903831";9794;-1.55
"1903831";9550;-2.49
"1903831";9440;-1.15
"1903831";9350;-0.95
"1903831";9139;-2.26
"1903831";9002;-1.50
"1903831";8806;-2.18
"1903901";4102;-3.05
"1903901";4018;-2.05
"1903901";3848;-4.23
"1903901";3754;-2.44
"1903901";3640;-3.04
"1903901";3521;-3.27
"1903901";3419;-2.90
"1903903";2213;-1.51
"1903903";2167;-2.08
"1903903";2140;-1.25
"1903903";2104;-1.68
"1903903";2073;-1.47
"1903903";2066;-0.34
"1903903";2046;-0.97
"1903904";839;0.48
"1903904";814;-2.98
"1903904";799;-1.84
"1903904";796;-0.38
"1903904";780;-2.01
"1903904";779;-0.13
"1903904";768;-1.41
"1903905";1175;-0.84
"1903905";1152;-1.96
"1903905";1101;-4.43
"1903905";1091;-0.91
"1903905";1070;-1.92
"1903905";1050;-1.87
"1903905";1009;-3.90
"1903906";2504;-3.13
"1903906";2492;-0.48
"1903906";2440;-2.09
"1903906";2382;-2.38
"1903906";2342;-1.68
"1903906";2330;-0.51
"1903906";2269;-2.62
"1903907";6999;-0.98
"1903907";6810;-2.70
"1903907";6691;-1.75
"1903907";6470;-3.30
"1903907";6257;-3.29
"1903907";6083;-2.78
"1903907";5946;-2.25
"1903908";2815;-0.49
"1903908";2784;-1.10
"1903908";2704;-2.87
"1903908";2747;1.59
"1903908";2718;-1.06
"1903908";2655;-2.32
"1903908";2644;-0.41
"1903909";1464;-1.01
"1903909";1449;-1.02
"1903909";1417;-2.21
"1903909";1396;-1.48
"1903909";1348;-3.44
"1903909";1320;-2.08
"1903909";1277;-3.26
"1903910";9253;-1.42
"1903910";9039;-2.31
"1903910";8892;-1.63
"1903910";8680;-2.38
"1903910";8489;-2.20
"1903910";8256;-2.74
"1903910";8054;-2.45
"1903911";4250;-1.44
"1903911";4195;-1.29
"1903911";4135;-1.43
"1903911";4027;-2.61
"1903911";3934;-2.31
"1903911";3839;-2.41
"1903911";3768;-1.85
"1903913";1595;-2.09
"1903913";1559;-2.26
"1903913";1512;-3.01
"1903913";1481;-2.05
"1903913";1462;-1.28
"1903913";1456;-0.41
"1903913";1424;-2.20
"1903914";2584;-0.54
"1903914";2515;-2.67
"1903914";2455;-2.39
"1903914";2393;-2.53
"1903914";2340;-2.21
"1903914";2250;-3.85
"1903914";2185;-2.89
"1903915";3531;-1.70
"1903915";3498;-0.93
"1903915";3412;-2.46
"1903915";3310;-2.99
"1903915";3191;-3.60
"1903915";3086;-3.29
"1903915";3007;-2.56
"1903916";2911;-2.05
"1903916";2840;-2.44
"1903916";2846;0.21
"1903916";2800;-1.62
"1903916";2731;-2.46
"1903916";2681;-1.83
"1903916";2622;-2.20
"1903917";4100;-1.87
"1903917";4023;-1.88
"1903917";3902;-3.01
"1903917";3827;-1.92
"1903917";3778;-1.28
"1903917";3719;-1.56
"1903917";3682;-0.99
"1903918";7169;-2.06
"1903918";7000;-2.36
"1903918";6820;-2.57
"1903918";6605;-3.15
"1903918";6430;-2.65
"1903918";6208;-3.45
"1903918";6038;-2.74
"1903919";2846;-2.27
"1903919";2830;-0.56
"1903919";2790;-1.41
"1903919";2806;0.57
"1903919";2748;-2.07
"1903919";2693;-2.00
"1903919";2652;-1.52
"1903920";3693;-1.26
"1903920";3664;-0.79
"1903920";3654;-0.27
"1903920";3619;-0.96
"1903920";3564;-1.52
"1903920";3502;-1.74
"1903920";3416;-2.46
"1903921";8871;-0.75
"1903921";8693;-2.01
"1903921";8555;-1.59
"1903921";8458;-1.13
"1903921";8322;-1.61
"1903921";8184;-1.66
"1903921";8009;-2.14
"1903922";1829;-1.88
"1903922";1781;-2.62
"1903922";1709;-4.04
"1903922";1652;-3.34
"1903922";1615;-2.24
"1903922";1567;-2.97
"1903922";1506;-3.89
"1903923";3161;-0.94
"1903923";3080;-2.56
"1903923";3050;-0.97
"1903923";3016;-1.11
"1903923";2970;-1.53
"1903923";2947;-0.77
"1903923";2849;-3.33
"1903924";13821;-2.46
"1903924";13579;-1.75
"1903924";13351;-1.68
"1903924";13057;-2.20
"1903924";12714;-2.63
"1903924";12402;-2.45
"1903924";12023;-3.06
"1903925";2823;-2.05
"1903925";2760;-2.23
"1903925";2697;-2.28
"1903925";2634;-2.34
"1903925";2557;-2.92
"1903925";2505;-2.03
"1903925";2450;-2.20
"1903926";1115;-0.45
"1903926";1118;0.27
"1903926";1103;-1.34
"1903926";1122;1.72
"1903926";1113;-0.80
"1903926";1095;-1.62
"1903926";1072;-2.10
"1903981";986;-2.09
"1903981";953;-3.35
"1903981";1005;5.46
"1903981";913;-9.15
"1903981";902;-1.20
"1903981";875;-2.99
"1903981";863;-1.37
"1904001";3563;-1.90
"1904001";3498;-1.82
"1904001";3415;-2.37
"1904001";3330;-2.49
"1904001";3250;-2.40
"1904001";3168;-2.52
"1904001";3090;-2.46
"1904002";2287;-2.14
"1904002";2253;-1.49
"1904002";2223;-1.33
"1904002";2179;-1.98
"1904002";2157;-1.01
"1904002";2126;-1.44
"1904002";2078;-2.26
"1904003";1569;-2.18
"1904003";1552;-1.08
"1904003";1436;-7.47
"1904003";1447;0.77
"1904003";1400;-3.25
"1904003";1371;-2.07
"1904003";1353;-1.31
"1904004";3403;-1.33
"1904004";3349;-1.59
"1904004";3316;-0.99
"1904004";3249;-2.02
"1904004";3167;-2.52
"1904004";3146;-0.66
"1904004";3054;-2.92
"1904005";4363;-2.39
"1904005";4241;-2.80
"1904005";4134;-2.52
"1904005";3990;-3.48
"1904005";3929;-1.53
"1904005";3778;-3.84
"1904005";3637;-3.73
"1904006";2580;-1.45
"1904006";2543;-1.43
"1904006";2481;-2.44
"1904006";2456;-1.01
"1904006";2390;-2.69
"1904006";2358;-1.34
"1904006";2305;-2.25
"1904007";2097;1.01
"1904007";2073;-1.14
"1904007";2012;-2.94
"1904007";1991;-1.04
"1904007";1970;-1.05
"1904007";1955;-0.76
"1904007";1927;-1.43
"1904009";3328;-1.68
"1904009";3285;-1.29
"1904009";3231;-1.64
"1904009";3150;-2.51
"1904009";3081;-2.19
"1904009";3049;-1.04
"1904009";3012;-1.21
"1904010";2929;-2.59
"1904010";2891;-1.30
"1904010";2852;-1.35
"1904010";2815;-1.30
"1904010";2754;-2.17
"1904010";2708;-1.67
"1904010";2667;-1.51
"1904011";7573;-1.90
"1904011";7437;-1.80
"1904011";7329;-1.45
"1904011";7153;-2.40
"1904011";6984;-2.36
"1904011";6757;-3.25
"1904011";6581;-2.60
"1904012";1741;-2.52
"1904012";1690;-2.93
"1904012";1657;-1.95
"1904012";1638;-1.15
"1904012";1615;-1.40
"1904012";1578;-2.29
"1904012";1545;-2.09
"1904014";1523;-0.65
"1904014";1500;-1.51
"1904014";1466;-2.27
"1904014";1450;-1.09
"1904014";1421;-2.00
"1904014";1387;-2.39
"1904014";1370;-1.23
"1904015";3905;-1.84
"1904015";3823;-2.10
"1904015";3730;-2.43
"1904015";3623;-2.87
"1904015";3477;-4.03
"1904015";3382;-2.73
"1904015";3329;-1.57
"1904016";1642;-1.20
"1904016";1646;0.24
"1904016";1623;-1.40
"1904016";1594;-1.79
"1904016";1570;-1.51
"1904016";1543;-1.72
"1904016";1495;-3.11
"1904017";9690;-1.92
"1904017";9533;-1.62
"1904017";9383;-1.57
"1904017";9205;-1.90
"1904017";9001;-2.22
"1904017";8892;-1.21
"1904017";8787;-1.18
"1904018";4319;-0.35
"1904018";4250;-1.60
"1904018";4168;-1.93
"1904018";4091;-1.85
"1904018";4017;-1.81
"1904018";3954;-1.57
"1904018";3891;-1.59
"1904019";2211;-2.38
"1904019";2191;-0.90
"1904019";2153;-1.73
"1904019";2103;-2.32
"1904019";2096;-0.33
"1904019";2059;-1.77
"1904019";2010;-2.38
"1904020";4442;-1.83
"1904020";4336;-2.39
"1904020";4276;-1.38
"1904020";4255;-0.49
"1904020";4166;-2.09
"1904020";4105;-1.46
"1904020";4044;-1.49
"1904101";2950;-1.90
"1904101";2825;-4.24
"1904101";2747;-2.76
"1904101";2664;-3.02
"1904101";2641;-0.86
"1904101";2580;-2.31
"1904101";2526;-2.09
"1904102";1600;-2.74
"1904102";1540;-3.75
"1904102";1508;-2.08
"1904102";1481;-1.79
"1904102";1455;-1.76
"1904102";1438;-1.17
"1904102";1371;-4.66
"1904104";6080;-3.00
"1904104";5958;-2.01
"1904104";5882;-1.28
"1904104";5738;-2.45
"1904104";5626;-1.95
"1904104";5509;-2.08
"1904104";5409;-1.82
"1904106";3314;-1.81
"1904106";3210;-3.14
"1904106";3198;-0.37
"1904106";3119;-2.47
"1904106";3058;-1.96
"1904106";3011;-1.54
"1904106";2967;-1.46
"1904107";2071;-1.38
"1904107";2051;-0.97
"1904107";2011;-1.95
"1904107";1994;-0.85
"1904107";1973;-1.05
"1904107";1937;-1.82
"1904107";1900;-1.91
"1904108";5375;-3.28
"1904108";5231;-2.68
"1904108";5225;-0.11
"1904108";5073;-2.91
"1904108";5009;-1.26
"1904108";4895;-2.28
"1904108";4780;-2.35
"1904110";5626;-1.69
"1904110";5440;-3.31
"1904110";5399;-0.75
"1904110";5153;-4.56
"1904110";4968;-3.59
"1904110";4841;-2.56
"1904110";4683;-3.26
"1904111";4524;-3.95
"1904111";4353;-3.78
"1904111";4303;-1.15
"1904111";4157;-3.39
"1904111";4029;-3.08
"1904111";3907;-3.03
"1904111";3760;-3.76
"1904113";1784;-1.71
"1904113";1727;-3.20
"1904113";1706;-1.22
"1904113";1664;-2.46
"1904113";1634;-1.80
"1904113";1587;-2.88
"1904113";1577;-0.63
"1904114";5437;-2.14
"1904114";5273;-3.02
"1904114";5188;-1.61
"1904114";5044;-2.78
"1904114";4925;-2.36
"1904114";4826;-2.01
"1904114";4671;-3.21
"1904115";1064;-1.12
"1904115";1047;-1.60
"1904115";1020;-2.58
"1904115";1016;-0.39
"1904115";1011;-0.49
"1904115";964;-4.65
"1904115";924;-4.15
"1904116";3095;-1.09
"1904116";3091;-0.13
"1904116";3059;-1.04
"1904116";3020;-1.27
"1904116";3024;0.13
"1904116";2896;-4.23
"1904116";2797;-3.42
"1904117";1063;-1.21
"1904117";1063;0.00
"1904117";1047;-1.51
"1904117";1012;-3.34
"1904117";996;-1.58
"1904117";969;-2.71
"1904117";962;-0.72
"1904118";891;-1.44
"1904118";856;-3.93
"1904118";839;-1.99
"1904118";853;1.67
"1904118";843;-1.17
"1904118";812;-3.68
"1904118";790;-2.71
"1904120";3041;-2.38
"1904120";3060;0.62
"1904120";2947;-3.69
"1904120";2873;-2.51
"1904120";2785;-3.06
"1904120";2757;-1.01
"1904120";2685;-2.61
"1904121";2222;-1.94
"1904121";2188;-1.53
"1904121";2139;-2.24
"1904121";2088;-2.38
"1904121";2057;-1.48
"1904121";2022;-1.70
"1904121";1987;-1.73
"1904124";2825;-3.75
"1904124";2742;-2.94
"1904124";2678;-2.33
"1904124";2590;-3.29
"1904124";2524;-2.55
"1904124";2469;-2.18
"1904124";2388;-3.28
"1904127";3987;-1.63
"1904127";3953;-0.85
"1904127";3908;-1.14
"1904127";3830;-2.00
"1904127";3734;-2.51
"1904127";3683;-1.37
"1904127";3596;-2.36
"1904128";977;1.03
"1904128";969;-0.82
"1904128";933;-3.72
"1904128";944;1.18
"1904128";933;-1.17
"1904128";914;-2.04
"1904128";884;-3.28
"1904129";5939;-1.93
"1904129";5804;-2.27
"1904129";5759;-0.78
"1904129";5627;-2.29
"1904129";5496;-2.33
"1904129";5350;-2.66
"1904129";5163;-3.50
"1904130";5949;-3.52
"1904130";5771;-2.99
"1904130";5697;-1.28
"1904130";5441;-4.49
"1904130";5248;-3.55
"1904130";5126;-2.32
"1904130";4985;-2.75
"1904160";5922;-2.73
"1904160";5793;-2.18
"1904160";5784;-0.16
"1904160";5454;-5.71
"1904160";5177;-5.08
"1904160";5038;-2.68
"1904160";4850;-3.73
"1904161";9259;-0.86
"1904161";9155;-1.12
"1904161";9033;-1.33
"1904161";9010;-0.25
"1904161";8856;-1.71
"1904161";8676;-2.03
"1904161";8545;-1.51
"1904201";2301;-1.88
"1904201";2250;-2.22
"1904201";2229;-0.93
"1904201";2231;0.09
"1904201";2181;-2.24
"1904201";2148;-1.51
"1904201";2105;-2.00
"1904202";2577;-1.45
"1904202";2536;-1.59
"1904202";2438;-3.86
"1904202";2366;-2.95
"1904202";2323;-1.82
"1904202";2303;-0.86
"1904202";2266;-1.61
"1904203";327;-4.66
"1904203";452;38.23
"1904203";389;-13.94
"1904203";391;0.51
"1904203";363;-7.16
"1904203";358;-1.38
"1904203";322;-10.06
"1904204";2336;-1.64
"1904204";2314;-0.94
"1904204";2257;-2.46
"1904204";2221;-1.60
"1904204";2149;-3.24
"1904204";2105;-2.05
"1904204";2046;-2.80
"1904205";2143;-0.70
"1904205";2108;-1.63
"1904205";2084;-1.14
"1904205";2039;-2.16
"1904205";1939;-4.90
"1904205";1894;-2.32
"1904205";1844;-2.64
"1904207";790;-1.99
"1904207";775;-1.90
"1904207";737;-4.90
"1904207";721;-2.17
"1904207";689;-4.44
"1904207";685;-0.58
"1904207";683;-0.29
"1904208";4388;-2.03
"1904208";4305;-1.89
"1904208";4249;-1.30
"1904208";4251;0.05
"1904208";4172;-1.86
"1904208";4079;-2.23
"1904208";4017;-1.52
"1904210";1892;-2.72
"1904210";1842;-2.64
"1904210";1816;-1.41
"1904210";1779;-2.04
"1904210";1705;-4.16
"1904210";1662;-2.52
"1904210";1619;-2.59
"1904211";4029;-1.44
"1904211";3995;-0.84
"1904211";3928;-1.68
"1904211";3881;-1.20
"1904211";3806;-1.93
"1904211";3731;-1.97
"1904211";3657;-1.98
"1904212";5841;-1.25
"1904212";5687;-2.64
"1904212";5506;-3.18
"1904212";5404;-1.85
"1904212";5246;-2.92
"1904212";5067;-3.41
"1904212";4883;-3.63
"1904213";14493;-2.21
"1904213";14272;-1.52
"1904213";13957;-2.21
"1904213";13683;-1.96
"1904213";13335;-2.54
"1904213";12906;-3.22
"1904213";12635;-2.10
"1904214";7324;-2.46
"1904214";7087;-3.24
"1904214";6950;-1.93
"1904214";6831;-1.71
"1904214";6419;-6.03
"1904214";6409;-0.16
"1904214";6242;-2.61
"1904216";2240;-3.11
"1904216";2181;-2.63
"1904216";2148;-1.51
"1904216";2106;-1.96
"1904216";2024;-3.89
"1904216";1959;-3.21
"1904216";1910;-2.50
"1904217";4886;-1.47
"1904217";4756;-2.66
"1904217";4658;-2.06
"1904217";4590;-1.46
"1904217";4479;-2.42
"1904217";4367;-2.50
"1904217";4288;-1.81
"1904218";1424;1.06
"1904218";1431;0.49
"1904218";1377;-3.77
"1904218";1387;0.73
"1904218";1364;-1.66
"1904218";1339;-1.83
"1904218";1311;-2.09
"1904219";4020;-1.11
"1904219";3976;-1.09
"1904219";3902;-1.86
"1904219";3861;-1.05
"1904219";3770;-2.36
"1904219";3717;-1.41
"1904219";3611;-2.85
"1904220";1038;-2.81
"1904220";1016;-2.12
"1904220";974;-4.13
"1904220";959;-1.54
"1904220";915;-4.59
"1904220";923;0.87
"1904220";889;-3.68
"1904221";3312;-0.96
"1904221";3220;-2.78
"1904221";3141;-2.45
"1904221";3143;0.06
"1904221";3102;-1.30
"1904221";3073;-0.93
"1904221";2993;-2.60
"1904222";4294;-1.29
"1904222";4247;-1.09
"1904222";4169;-1.84
"1904222";4040;-3.09
"1904222";3913;-3.14
"1904222";3798;-2.94
"1904222";3755;-1.13
"1904223";1769;-2.10
"1904223";1722;-2.66
"1904223";1668;-3.14
"1904223";1651;-1.02
"1904223";1603;-2.91
"1904223";1555;-2.99
"1904223";1530;-1.61
"1904224";5244;-2.00
"1904224";5158;-1.64
"1904224";5037;-2.35
"1904224";4971;-1.31
"1904224";4883;-1.77
"1904224";4810;-1.49
"1904224";4696;-2.37
"1904281";1240;-4.69
"1904281";1238;-0.16
"1904281";1526;23.26
"1904281";1250;-18.09
"1904281";1239;-0.88
"1904281";1230;-0.73
"1904281";1215;-1.22
"1904304";6790;-0.67
"1904304";6860;1.03
"1904304";6863;0.04
"1904304";6776;-1.27
"1904304";6693;-1.22
"1904304";6627;-0.99
"1904304";6492;-2.04
"1904305";6317;-0.66
"1904305";6286;-0.49
"1904305";6277;-0.14
"1904305";6258;-0.30
"1904305";6137;-1.93
"1904305";6057;-1.30
"1904305";5905;-2.51
"1904306";6381;-0.42
"1904306";6359;-0.34
"1904306";6381;0.35
"1904306";6314;-1.05
"1904306";6339;0.40
"1904306";6242;-1.53
"1904306";6105;-2.19
"1904307";2654;-0.79
"1904307";2634;-0.75
"1904307";2565;-2.62
"1904307";2547;-0.70
"1904307";2466;-3.18
"1904307";2418;-1.95
"1904307";2318;-4.14
"1904308";6388;0.13
"1904308";6385;-0.05
"1904308";6463;1.22
"1904308";6442;-0.32
"1904308";6321;-1.88
"1904308";6171;-2.37
"1904308";6084;-1.41
"1904309";2043;-0.54
"1904309";2045;0.10
"1904309";1989;-2.74
"1904309";1965;-1.21
"1904309";1969;0.20
"1904309";1976;0.36
"1904309";1955;-1.06
"1904310";9242;0.41
"1904310";9233;-0.10
"1904310";9380;1.59
"1904310";9305;-0.80
"1904310";9184;-1.30
"1904310";9024;-1.74
"1904310";8798;-2.50
"1904311";4552;0.24
"1904311";4517;-0.77
"1904311";4543;0.58
"1904311";4518;-0.55
"1904311";4487;-0.69
"1904311";4432;-1.23
"1904311";4337;-2.14
"1904313";3796;0.21
"1904313";3798;0.05
"1904313";3802;0.11
"1904313";3745;-1.50
"1904313";3699;-1.23
"1904313";3623;-2.05
"1904313";3572;-1.41
"1904314";4051;-0.88
"1904314";3968;-2.05
"1904314";3930;-0.96
"1904314";3892;-0.97
"1904314";3856;-0.92
"1904314";3794;-1.61
"1904314";3730;-1.69
"1904315";2735;-0.47
"1904315";2770;1.28
"1904315";2630;-5.05
"1904315";2714;3.19
"1904315";2702;-0.44
"1904315";2665;-1.37
"1904315";2661;-0.15
"1904316";3383;-0.06
"1904316";3338;-1.33
"1904316";3329;-0.27
"1904316";3277;-1.56
"1904316";3214;-1.92
"1904316";3143;-2.21
"1904316";3068;-2.39
"1904317";3423;-0.98
"1904317";3395;-0.82
"1904317";3322;-2.15
"1904317";3230;-2.77
"1904317";3197;-1.02
"1904317";3150;-1.47
"1904317";3068;-2.60
"1904318";5122;-0.27
"1904318";5113;-0.18
"1904318";4995;-2.31
"1904318";5076;1.62
"1904318";5029;-0.93
"1904318";4972;-1.13
"1904318";4940;-0.64
"1904320";2703;1.39
"1904320";2674;-1.07
"1904320";2678;0.15
"1904320";2643;-1.31
"1904320";2680;1.40
"1904320";2643;-1.38
"1904320";2629;-0.53
"1904321";3427;-1.41
"1904321";3336;-2.66
"1904321";3319;-0.51
"1904321";3293;-0.78
"1904321";3175;-3.58
"1904321";3078;-3.06
"1904321";2971;-3.48
"1904322";2384;-1.37
"1904322";2385;0.04
"1904322";2373;-0.50
"1904322";2349;-1.01
"1904322";2280;-2.94
"1904322";2241;-1.71
"1904322";2197;-1.96
"1904323";7467;-0.89
"1904323";7436;-0.42
"1904323";7525;1.20
"1904323";7363;-2.15
"1904323";7174;-2.57
"1904323";6993;-2.52
"1904323";6888;-1.50
"1904324";3286;-1.65
"1904324";3286;0.00
"1904324";3251;-1.07
"1904324";3235;-0.49
"1904324";3199;-1.11
"1904324";3206;0.22
"1904324";3106;-3.12
"1904326";3018;0.07
"1904326";2968;-1.66
"1904326";2923;-1.52
"1904326";2883;-1.37
"1904326";2927;1.53
"1904326";2877;-1.71
"1904326";2828;-1.70
"1904327";6186;-0.96
"1904327";6133;-0.86
"1904327";6086;-0.77
"1904327";6043;-0.71
"1904327";5924;-1.97
"1904327";5806;-1.99
"1904327";5663;-2.46
"1904328";3628;-3.72
"1904328";3608;-0.55
"1904328";3571;-1.03
"1904328";3553;-0.50
"1904328";3450;-2.90
"1904328";3388;-1.80
"1904328";3331;-1.68
"1904329";3249;-1.61
"1904329";3236;-0.40
"1904329";3177;-1.82
"1904329";3163;-0.44
"1904329";3091;-2.28
"1904329";3028;-2.04
"1904329";3031;0.10
"1904330";4306;-1.89
"1904330";4310;0.09
"1904330";4250;-1.39
"1904330";4246;-0.09
"1904330";4220;-0.61
"1904330";4139;-1.92
"1904330";4089;-1.21
"1904402";5452;-0.35
"1904402";5357;-1.74
"1904402";5288;-1.29
"1904402";5308;0.38
"1904402";5207;-1.90
"1904402";5118;-1.71
"1904402";5129;0.21
"1904403";4855;-1.90
"1904403";4844;-0.23
"1904403";4739;-2.17
"1904403";4849;2.32
"1904403";5165;6.52
"1904403";4832;-6.45
"1904403";4808;-0.50
"1904405";3254;0.18
"1904405";3241;-0.40
"1904405";3270;0.89
"1904405";3254;-0.49
"1904405";3172;-2.52
"1904405";3164;-0.25
"1904405";3135;-0.92
"1904410";3713;0.13
"1904410";3660;-1.43
"1904410";3592;-1.86
"1904410";3549;-1.20
"1904410";3522;-0.76
"1904410";3572;1.42
"1904410";3545;-0.76
"1904412";2685;-0.48
"1904412";2685;0.00
"1904412";2636;-1.82
"1904412";2650;0.53
"1904412";2618;-1.21
"1904412";2594;-0.92
"1904412";2571;-0.89
"1904414";1488;-1.06
"1904414";1447;-2.76
"1904414";1454;0.48
"1904414";1505;3.51
"1904414";1494;-0.73
"1904414";1482;-0.80
"1904414";1479;-0.20
"1904417";16959;-1.03
"1904417";16787;-1.01
"1904417";16936;0.89
"1904417";16978;0.25
"1904417";16682;-1.74
"1904417";16347;-2.01
"1904417";15978;-2.26
"1904419";2735;-0.83
"1904419";2707;-1.02
"1904419";2701;-0.22
"1904419";2689;-0.44
"1904419";2628;-2.27
"1904419";2592;-1.37
"1904419";2556;-1.39
"1904421";5603;-0.64
"1904421";5524;-1.41
"1904421";5469;-1.00
"1904421";5467;-0.04
"1904421";5408;-1.08
"1904421";5352;-1.04
"1904421";5345;-0.13
"1904425";3439;0.03
"1904425";3386;-1.54
"1904425";3355;-0.92
"1904425";3318;-1.10
"1904425";3256;-1.87
"1904425";3219;-1.14
"1904425";3198;-0.65
"1904426";5635;-1.30
"1904426";5515;-2.13
"1904426";5492;-0.42
"1904426";5463;-0.53
"1904426";5321;-2.60
"1904426";5280;-0.77
"1904426";5209;-1.34
"1904428";9596;-2.65
"1904428";9451;-1.51
"1904428";9254;-2.08
"1904428";9156;-1.06
"1904428";9051;-1.15
"1904428";8831;-2.43
"1904428";8766;-0.74
"1904429";7024;-0.28
"1904429";7079;0.78
"1904429";6978;-1.43
"1904429";6885;-1.33
"1904429";6818;-0.97
"1904429";6777;-0.60
"1904429";6823;0.68
"1904430";8472;-1.25
"1904430";8572;1.18
"1904430";8286;-3.34
"1904430";7866;-5.07
"1904430";7987;1.54
"1904430";8017;0.38
"1904430";7948;-0.86
"1904602";9747;-1.62
"1904602";9629;-1.21
"1904602";9524;-1.09
"1904602";9453;-0.75
"1904602";9315;-1.46
"1904602";9195;-1.29
"1904602";9024;-1.86
"1904605";7860;-1.12
"1904605";7745;-1.46
"1904605";7677;-0.88
"1904605";7548;-1.68
"1904605";7350;-2.62
"1904605";7241;-1.48
"1904605";7117;-1.71
"1904606";7410;-0.34
"1904606";7395;-0.20
"1904606";7359;-0.49
"1904606";7338;-0.29
"1904606";7279;-0.80
"1904606";7173;-1.46
"1904606";7119;-0.75
"1904610";23417;-1.73
"1904610";22798;-2.64
"1904610";22380;-1.83
"1904610";21961;-1.87
"1904610";21539;-1.92
"1904610";21049;-2.27
"1904610";20466;-2.77
"1904613";8543;-1.10
"1904613";8403;-1.64
"1904613";8312;-1.08
"1904613";8056;-3.08
"1904613";7843;-2.64
"1904613";7734;-1.39
"1904613";7545;-2.44
"1904620";8145;-0.53
"1904620";8007;-1.69
"1904620";7907;-1.25
"1904620";7853;-0.68
"1904620";7716;-1.74
"1904620";7636;-1.04
"1904620";7518;-1.55
"1904622";3306;-1.93
"1904622";3293;-0.39
"1904622";3259;-1.03
"1904622";3183;-2.33
"1904622";3149;-1.07
"1904622";3091;-1.84
"1904622";3020;-2.30
"1904623";10404;-1.49
"1904623";10382;-0.21
"1904623";10166;-2.08
"1904623";9984;-1.79
"1904623";9721;-2.63
"1904623";9483;-2.45
"1904623";9243;-2.53
"1904624";11341;-2.66
"1904624";11102;-2.11
"1904624";10928;-1.57
"1904624";10679;-2.28
"1904624";10440;-2.24
"1904624";10142;-2.85
"1904624";9863;-2.75
"1904625";15042;-1.45
"1904625";14746;-1.97
"1904625";14556;-1.29
"1904625";14094;-3.17
"1904625";13684;-2.91
"1904625";13458;-1.65
"1904625";13203;-1.89
"1904701";10985;-2.81
"1904701";10557;-3.90
"1904701";10725;1.59
"1904701";10455;-2.52
"1904701";10101;-3.39
"1904701";9834;-2.64
"1904701";9655;-1.82
"1904706";11359;-1.53
"1904706";11108;-2.21
"1904706";11473;3.29
"1904706";11196;-2.41
"1904706";10756;-3.93
"1904706";10387;-3.43
"1904706";10219;-1.62
"1904708";6059;-2.48
"1904708";5941;-1.95
"1904708";5935;-0.10
"1904708";5794;-2.38
"1904708";5619;-3.02
"1904708";5472;-2.62
"1904708";5403;-1.26
"1904709";7573;-2.45
"1904709";7555;-0.24
"1904709";7891;4.45
"1904709";7329;-7.12
"1904709";7102;-3.10
"1904709";7081;-0.30
"1904709";6849;-3.28
"1904710";5922;-1.76
"1904710";5782;-2.36
"1904710";5833;0.88
"1904710";5666;-2.86
"1904710";5551;-2.03
"1904710";5453;-1.77
"1904710";5316;-2.51
"1904801";5141;-2.09
"1904801";5097;-0.86
"1904801";4962;-2.65
"1904801";4854;-2.18
"1904801";4742;-2.31
"1904801";4632;-2.32
"1904801";4507;-2.70
"1904802";1985;-3.50
"1904802";1945;-2.02
"1904802";1839;-5.45
"1904802";1762;-4.19
"1904802";1702;-3.41
"1904802";1636;-3.88
"1904802";1590;-2.81
"1904807";3379;-1.31
"1904807";3277;-3.02
"1904807";3172;-3.20
"1904807";3101;-2.24
"1904807";2994;-3.45
"1904807";2921;-2.44
"1904807";2850;-2.43
"1904808";5089;-0.82
"1904808";5028;-1.20
"1904808";4990;-0.76
"1904808";4904;-1.72
"1904808";4841;-1.28
"1904808";4737;-2.15
"1904808";4647;-1.90
"1904810";5350;-1.31
"1904810";5318;-0.60
"1904810";5205;-2.12
"1904810";5141;-1.23
"1904810";5022;-2.31
"1904810";4891;-2.61
"1904810";4826;-1.33
"1904811";2814;0.32
"1904811";2757;-2.03
"1904811";2671;-3.12
"1904811";2654;-0.64
"1904811";2581;-2.75
"1904811";2524;-2.21
"1904811";2487;-1.47
"1904812";7085;-0.94
"1904812";6862;-3.15
"1904812";6627;-3.42
"1904812";6539;-1.33
"1904812";6319;-3.36
"1904812";6090;-3.62
"1904812";5877;-3.50
"1904813";5274;-1.33
"1904813";5178;-1.82
"1904813";5014;-3.17
"1904813";4918;-1.91
"1904813";4791;-2.58
"1904813";4638;-3.19
"1904813";4481;-3.39
"1904814";5360;-1.67
"1904814";5264;-1.79
"1904814";5154;-2.09
"1904814";5074;-1.55
"1904814";4957;-2.31
"1904814";4857;-2.02
"1904814";4721;-2.80
"1904815";3215;-1.47
"1904815";3163;-1.62
"1904815";3082;-2.56
"1904815";3011;-2.30
"1904815";2901;-3.65
"1904815";2842;-2.03
"1904815";2743;-3.48
"1904817";5903;-1.88
"1904817";5798;-1.78
"1904817";5591;-3.57
"1904817";5526;-1.16
"1904817";5403;-2.23
"1904817";5315;-1.63
"1904817";5238;-1.45
"1904818";2799;-1.24
"1904818";2777;-0.79
"1904818";2714;-2.27
"1904818";2627;-3.21
"1904818";2566;-2.32
"1904818";2527;-1.52
"1904818";2488;-1.54
"1904820";3123;-1.73
"1904820";3065;-1.86
"1904820";2965;-3.26
"1904820";2892;-2.46
"1904820";2863;-1.00
"1904820";2834;-1.01
"1904820";2787;-1.66
"1904821";3230;-3.38
"1904821";3166;-1.98
"1904821";3132;-1.07
"1904821";3101;-0.99
"1904821";3090;-0.35
"1904821";3072;-0.58
"1904821";2946;-4.10
"1904822";8301;-0.04
"1904822";8238;-0.76
"1904822";8168;-0.85
"1904822";8111;-0.70
"1904822";7981;-1.60
"1904822";7892;-1.12
"1904822";7777;-1.46
"1904824";3854;-1.43
"1904824";3739;-2.98
"1904824";3594;-3.88
"1904824";3492;-2.84
"1904824";3423;-1.98
"1904824";3370;-1.55
"1904824";3259;-3.29
"1904825";2592;-1.29
"1904825";2541;-1.97
"1904825";2473;-2.68
"1904825";2394;-3.19
"1904825";2344;-2.09
"1904825";2287;-2.43
"1904825";2201;-3.76
"1904826";2924;0.10
"1904826";2834;-3.08
"1904826";2816;-0.64
"1904826";2792;-0.85
"1904826";2756;-1.29
"1904826";2611;-5.26
"1904826";2509;-3.91
"1904827";4509;-0.66
"1904827";4532;0.51
"1904827";4342;-4.19
"1904827";4353;0.25
"1904827";4203;-3.45
"1904827";4069;-3.19
"1904827";3982;-2.14
"1904828";2254;-1.23
"1904828";2219;-1.55
"1904828";2174;-2.03
"1904828";2179;0.23
"1904828";2139;-1.84
"1904828";2051;-4.11
"1904828";2029;-1.07
"1904829";6144;-1.65
"1904829";6060;-1.37
"1904829";5859;-3.32
"1904829";5768;-1.55
"1904829";5621;-2.55
"1904829";5433;-3.34
"1904829";5227;-3.79
"1904831";7304;-1.66
"1904831";7260;-0.60
"1904831";7079;-2.49
"1904831";6929;-2.12
"1904831";6807;-1.76
"1904831";6667;-2.06
"1904831";6531;-2.04
"1904832";13833;-1.72
"1904832";13623;-1.52
"1904832";13238;-2.83
"1904832";13064;-1.31
"1904832";12772;-2.24
"1904832";12546;-1.77
"1904832";12221;-2.59
"1904834";9759;-0.45
"1904834";9734;-0.26
"1904834";9571;-1.67
"1904834";9427;-1.50
"1904834";9346;-0.86
"1904834";9272;-0.79
"1904834";9210;-0.67
"1905001";5817;-0.80
"1905001";5844;0.46
"1905001";5760;-1.44
"1905001";5713;-0.82
"1905001";5657;-0.98
"1905001";5583;-1.31
"1905001";5524;-1.06
"1905002";587;-0.17
"1905002";574;-2.21
"1905002";583;1.57
"1905002";582;-0.17
"1905002";589;1.20
"1905002";606;2.89
"1905002";624;2.97
"1905003";1603;0.56
"1905003";1603;0.00
"1905003";1615;0.75
"1905003";1605;-0.62
"1905003";1639;2.12
"1905003";1600;-2.38
"1905003";1563;-2.31
"1905004";7579;-1.38
"1905004";7530;-0.65
"1905004";7477;-0.70
"1905004";7451;-0.35
"1905004";7354;-1.30
"1905004";7280;-1.01
"1905004";7138;-1.95
"1905005";4450;-1.00
"1905005";4427;-0.52
"1905005";4414;-0.29
"1905005";4408;-0.14
"1905005";4372;-0.82
"1905005";4300;-1.65
"1905005";4276;-0.56
"1905006";3209;0.38
"1905006";3192;-0.53
"1905006";3132;-1.88
"1905006";3159;0.86
"1905006";3115;-1.39
"1905006";3098;-0.55
"1905006";3030;-2.19
"1905007";5701;-1.16
"1905007";5653;-0.84
"1905007";5544;-1.93
"1905007";5495;-0.88
"1905007";5431;-1.16
"1905007";5379;-0.96
"1905007";5289;-1.67
"1905008";5416;-0.50
"1905008";5342;-1.37
"1905008";5268;-1.39
"1905008";5186;-1.56
"1905008";5133;-1.02
"1905008";5066;-1.31
"1905008";5003;-1.24
"1905009";7756;-0.70
"1905009";7723;-0.43
"1905009";7719;-0.05
"1905009";7599;-1.55
"1905009";7568;-0.41
"1905009";7521;-0.62
"1905009";7404;-1.56
"1905010";5134;-1.02
"1905010";5102;-0.62
"1905010";5056;-0.90
"1905010";5030;-0.51
"1905010";4963;-1.33
"1905010";4922;-0.83
"1905010";4847;-1.52
"1905011";5439;0.20
"1905011";5444;0.09
"1905011";5334;-2.02
"1905011";5361;0.51
"1905011";5346;-0.28
"1905011";5265;-1.52
"1905011";5222;-0.82
"1905012";4148;-0.62
"1905012";4130;-0.43
"1905012";4122;-0.19
"1905012";4091;-0.75
"1905012";4079;-0.29
"1905012";4050;-0.71
"1905012";3999;-1.26
"1905013";10529;-2.60
"1905013";10369;-1.52
"1905013";10249;-1.16
"1905013";10177;-0.70
"1905013";9870;-3.02
"1905013";9646;-2.27
"1905013";9369;-2.87
"1905014";3066;-0.62
"1905014";3028;-1.24
"1905014";3005;-0.76
"1905014";3027;0.73
"1905014";3034;0.23
"1905014";2977;-1.88
"1905014";2913;-2.15
"1905015";2918;0.10
"1905015";2872;-1.58
"1905015";2845;-0.94
"1905015";2872;0.95
"1905015";2853;-0.66
"1905015";2822;-1.09
"1905015";2820;-0.07
"1905017";1871;-0.21
"1905017";1886;0.80
"1905017";1872;-0.74
"1905017";1856;-0.85
"1905017";1860;0.22
"1905017";1829;-1.67
"1905017";1775;-2.95
"1905018";578;-2.20
"1905018";579;0.17
"1905018";597;3.11
"1905018";591;-1.01
"1905018";587;-0.68
"1905018";588;0.17
"1905018";588;0.00
"1905020";734;-1.21
"1905020";710;-3.27
"1905020";704;-0.85
"1905020";707;0.43
"1905020";698;-1.27
"1905020";691;-1.00
"1905020";691;0.00
"1905021";3235;0.47
"1905021";3212;-0.71
"1905021";3169;-1.34
"1905021";3131;-1.20
"1905021";3083;-1.53
"1905021";3065;-0.58
"1905021";3015;-1.63
"1905022";4868;-0.51
"1905022";4809;-1.21
"1905022";4818;0.19
"1905022";4803;-0.31
"1905022";4738;-1.35
"1905022";4689;-1.03
"1905022";4673;-0.34
"1905102";3334;-1.30
"1905102";3329;-0.15
"1905102";3349;0.60
"1905102";3397;1.43
"1905102";3342;-1.62
"1905102";3274;-2.03
"1905102";3292;0.55
"1905103";14264;-0.97
"1905103";14111;-1.07
"1905103";14005;-0.75
"1905103";13910;-0.68
"1905103";13768;-1.02
"1905103";13610;-1.15
"1905103";13418;-1.41
"1905104";1486;2.34
"1905104";1456;-2.02
"1905104";1430;-1.79
"1905104";1402;-1.96
"1905104";1381;-1.50
"1905104";1363;-1.30
"1905104";1336;-1.98
"1905105";3723;-1.74
"1905105";3701;-0.59
"1905105";3682;-0.51
"1905105";3635;-1.28
"1905105";3563;-1.98
"1905105";3526;-1.04
"1905105";3468;-1.64
"1905108";11410;-2.04
"1905108";11123;-2.52
"1905108";11038;-0.76
"1905108";10748;-2.63
"1905108";10431;-2.95
"1905108";10139;-2.80
"1905108";9827;-3.08
"1905110";3473;-2.47
"1905110";3419;-1.55
"1905110";3320;-2.90
"1905110";3275;-1.36
"1905110";3239;-1.10
"1905110";3173;-2.04
"1905110";3108;-2.05
"1905111";2411;-2.23
"1905111";2373;-1.58
"1905111";2334;-1.64
"1905111";2242;-3.94
"1905111";2171;-3.17
"1905111";2094;-3.55
"1905111";2028;-3.15
"1905112";2487;-0.60
"1905112";2512;1.01
"1905112";2447;-2.59
"1905112";2469;0.90
"1905112";2464;-0.20
"1905112";2416;-1.95
"1905112";2383;-1.37
"1905113";2354;0.90
"1905113";2358;0.17
"1905113";2381;0.98
"1905113";2402;0.88
"1905113";2425;0.96
"1905113";2415;-0.41
"1905113";2389;-1.08
"1905114";2595;-0.42
"1905114";2607;0.46
"1905114";2634;1.04
"1905114";2632;-0.08
"1905114";2604;-1.06
"1905114";2610;0.23
"1905114";2578;-1.23
"1905115";6781;-0.92
"1905115";6755;-0.38
"1905115";6679;-1.13
"1905115";6682;0.04
"1905115";6635;-0.70
"1905115";6465;-2.56
"1905115";6339;-1.95
"1905116";6251;-0.32
"1905116";6223;-0.45
"1905116";6146;-1.24
"1905116";6158;0.20
"1905116";5983;-2.84
"1905116";5994;0.18
"1905116";5880;-1.90
"1905117";976;-2.79
"1905117";955;-2.15
"1905117";937;-1.88
"1905117";949;1.28
"1905117";944;-0.53
"1905117";930;-1.48
"1905117";915;-1.61
"1905119";2202;-3.59
"1905119";2136;-3.00
"1905119";2137;0.05
"1905119";2071;-3.09
"1905119";2006;-3.14
"1905119";2011;0.25
"1905119";1955;-2.78
"1905120";1618;-1.04
"1905120";1587;-1.92
"1905120";1547;-2.52
"1905120";1535;-0.78
"1905120";1482;-3.45
"1905120";1457;-1.69
"1905120";1424;-2.26
"1905121";6174;-1.89
"1905121";6042;-2.14
"1905121";6033;-0.15
"1905121";5930;-1.71
"1905121";5813;-1.97
"1905121";5672;-2.43
"1905121";5536;-2.40
"1905126";4103;-1.58
"1905126";4093;-0.24
"1905126";4066;-0.66
"1905126";4028;-0.93
"1905126";3935;-2.31
"1905126";3870;-1.65
"1905126";3823;-1.21
"1905202";11035;-2.60
"1905202";10800;-2.13
"1905202";10514;-2.65
"1905202";10256;-2.45
"1905202";9981;-2.68
"1905202";9741;-2.40
"1905202";9459;-2.89
"1905203";3639;-0.38
"1905203";3557;-2.25
"1905203";3524;-0.93
"1905203";3497;-0.77
"1905203";3400;-2.77
"1905203";3342;-1.71
"1905203";3302;-1.20
"1905204";1594;-1.12
"1905204";1590;-0.25
"1905204";1550;-2.52
"1905204";1544;-0.39
"1905204";1536;-0.52
"1905204";1533;-0.20
"1905204";1519;-0.91
"1905205";4211;-2.21
"1905205";4171;-0.95
"1905205";4100;-1.70
"1905205";4037;-1.54
"1905205";3943;-2.33
"1905205";3859;-2.13
"1905205";3779;-2.07
"1905206";3815;-0.70
"1905206";3730;-2.23
"1905206";3531;-5.34
"1905206";3587;1.59
"1905206";3541;-1.28
"1905206";3486;-1.55
"1905206";3427;-1.69
"1905208";6808;-1.30
"1905208";6680;-1.88
"1905208";6597;-1.24
"1905208";6464;-2.02
"1905208";6273;-2.95
"1905208";6157;-1.85
"1905208";6008;-2.42
"1905209";9828;-1.34
"1905209";9634;-1.97
"1905209";9333;-3.12
"1905209";9088;-2.63
"1905209";8806;-3.10
"1905209";8615;-2.17
"1905209";8322;-3.40
"1905210";3810;-0.31
"1905210";3718;-2.41
"1905210";3693;-0.67
"1905210";3687;-0.16
"1905210";3634;-1.44
"1905210";3598;-0.99
"1905210";3567;-0.86
"1905211";4127;-2.34
"1905211";4062;-1.57
"1905211";4037;-0.62
"1905211";3971;-1.63
"1905211";3930;-1.03
"1905211";3847;-2.11
"1905211";3755;-2.39
"1905212";5332;-1.50
"1905212";5267;-1.22
"1905212";5084;-3.47
"1905212";5026;-1.14
"1905212";4951;-1.49
"1905212";4827;-2.50
"1905212";4717;-2.28
"1905216";7383;-2.10
"1905216";7259;-1.68
"1905216";7177;-1.13
"1905216";6996;-2.52
"1905216";6907;-1.27
"1905216";6483;-6.14
"1905216";6342;-2.17
"1905219";7575;-1.97
"1905219";7474;-1.33
"1905219";7325;-1.99
"1905219";7208;-1.60
"1905219";7017;-2.65
"1905219";6937;-1.14
"1905219";6769;-2.42
"1905220";6865;-1.66
"1905220";6742;-1.79
"1905220";6593;-2.21
"1905220";6429;-2.49
"1905220";6302;-1.98
"1905220";6168;-2.13
"1905220";6071;-1.57
"1905305";2194;-1.48
"1905305";2168;-1.19
"1905305";2129;-1.80
"1905305";2124;-0.23
"1905305";2086;-1.79
"1905305";2041;-2.16
"1905305";1989;-2.55
"1905308";3417;-0.64
"1905308";3342;-2.19
"1905308";3319;-0.69
"1905308";3213;-3.19
"1905308";3120;-2.89
"1905308";3033;-2.79
"1905308";2976;-1.88
"1905309";2086;-2.57
"1905309";2034;-2.49
"1905309";2017;-0.84
"1905309";1961;-2.78
"1905309";1930;-1.58
"1905309";1925;-0.26
"1905309";1873;-2.70
"1905310";5020;-1.82
"1905310";5015;-0.10
"1905310";4982;-0.66
"1905310";4878;-2.09
"1905310";4806;-1.48
"1905310";4676;-2.70
"1905310";4587;-1.90
"1905311";2187;-1.09
"1905311";2102;-3.89
"1905311";2040;-2.95
"1905311";1980;-2.94
"1905311";1950;-1.52
"1905311";1929;-1.08
"1905311";1911;-0.93
"1905313";3116;-0.89
"1905313";3015;-3.24
"1905313";2921;-3.12
"1905313";2884;-1.27
"1905313";2807;-2.67
"1905313";2781;-0.93
"1905313";2695;-3.09
"1905314";3677;-0.41
"1905314";3606;-1.93
"1905314";3515;-2.52
"1905314";3474;-1.17
"1905314";3375;-2.85
"1905314";3257;-3.50
"1905314";3194;-1.93
"1905316";1830;-0.71
"1905316";1798;-1.75
"1905316";1767;-1.72
"1905316";1665;-5.77
"1905316";1629;-2.16
"1905316";1601;-1.72
"1905316";1548;-3.31
"1905317";1573;-0.69
"1905317";1569;-0.25
"1905317";1518;-3.25
"1905317";1494;-1.58
"1905317";1449;-3.01
"1905317";1419;-2.07
"1905317";1381;-2.68
"1905319";3082;-2.68
"1905319";2979;-3.34
"1905319";3000;0.70
"1905319";2864;-4.53
"1905319";2808;-1.96
"1905319";2726;-2.92
"1905319";2685;-1.50
"1905321";741;-1.33
"1905321";743;0.27
"1905321";720;-3.10
"1905321";702;-2.50
"1905321";687;-2.14
"1905321";673;-2.04
"1905321";662;-1.63
"1905326";3661;-1.35
"1905326";3617;-1.20
"1905326";3494;-3.40
"1905326";3389;-3.01
"1905326";3297;-2.71
"1905326";3207;-2.73
"1905326";3122;-2.65
"1905327";6087;-1.98
"1905327";5989;-1.61
"1905327";5886;-1.72
"1905327";5736;-2.55
"1905327";5604;-2.30
"1905327";5487;-2.09
"1905327";5327;-2.92
"1905328";8923;-1.78
"1905328";8836;-0.98
"1905328";8612;-2.54
"1905328";8322;-3.37
"1905328";8178;-1.73
"1905328";7898;-3.42
"1905328";7686;-2.68
"1905329";2720;-0.07
"1905329";2651;-2.54
"1905329";2612;-1.47
"1905329";2531;-3.10
"1905329";2465;-2.61
"1905329";2412;-2.15
"1905329";2312;-4.15
"1905330";5125;-2.16
"1905330";5007;-2.30
"1905330";4826;-3.61
"1905330";4744;-1.70
"1905330";4588;-3.29
"1905330";4491;-2.11
"1905330";4368;-2.74
"1905381";727;-3.20
"1905381";723;-0.55
"1905381";809;11.89
"1905381";666;-17.68
"1905381";649;-2.55
"1905381";635;-2.16
"1905381";642;1.10
"1905401";910;-0.87
"1905401";887;-2.53
"1905401";861;-2.93
"1905401";841;-2.32
"1905401";830;-1.31
"1905401";817;-1.57
"1905401";796;-2.57
"1905402";4169;-2.02
"1905402";4117;-1.25
"1905402";4085;-0.78
"1905402";4080;-0.12
"1905402";3936;-3.53
"1905402";3913;-0.58
"1905402";3841;-1.84
"1905403";4197;-1.06
"1905403";4105;-2.19
"1905403";4013;-2.24
"1905403";3931;-2.04
"1905403";3830;-2.57
"1905403";3779;-1.33
"1905403";3721;-1.53
"1905405";1232;-1.12
"1905405";1223;-0.73
"1905405";1217;-0.49
"1905405";1202;-1.23
"1905405";1177;-2.08
"1905405";1143;-2.89
"1905405";1133;-0.87
"1905406";1071;-1.83
"1905406";1091;1.87
"1905406";1074;-1.56
"1905406";1086;1.12
"1905406";1061;-2.30
"1905406";1033;-2.64
"1905406";1015;-1.74
"1905408";3888;-1.87
"1905408";3810;-2.01
"1905408";3756;-1.42
"1905408";3694;-1.65
"1905408";3618;-2.06
"1905408";3568;-1.38
"1905408";3497;-1.99
"1905409";3484;-1.05
"1905409";3412;-2.07
"1905409";3357;-1.61
"1905409";3281;-2.26
"1905409";3201;-2.44
"1905409";3163;-1.19
"1905409";3072;-2.88
"1905411";569;-1.90
"1905411";557;-2.11
"1905411";553;-0.72
"1905411";536;-3.07
"1905411";519;-3.17
"1905411";506;-2.50
"1905411";495;-2.17
"1905412";2221;-0.58
"1905412";2199;-0.99
"1905412";2233;1.55
"1905412";2192;-1.84
"1905412";2131;-2.78
"1905412";2140;0.42
"1905412";2085;-2.57
"1905416";1902;-0.47
"1905416";1892;-0.53
"1905416";1859;-1.74
"1905416";1844;-0.81
"1905416";1770;-4.01
"1905416";1720;-2.82
"1905416";1676;-2.56
"1905417";1353;-4.31
"1905417";1355;0.15
"1905417";1350;-0.37
"1905417";1301;-3.63
"1905417";1268;-2.54
"1905417";1247;-1.66
"1905417";1210;-2.97
"1905420";3501;-0.60
"1905420";3429;-2.06
"1905420";3409;-0.58
"1905420";3402;-0.21
"1905420";3362;-1.18
"1905420";3295;-1.99
"1905420";3198;-2.94
"1905421";2525;-1.21
"1905421";2484;-1.62
"1905421";2403;-3.26
"1905421";2370;-1.37
"1905421";2336;-1.43
"1905421";2279;-2.44
"1905421";2234;-1.97
"1905422";2257;-1.10
"1905422";2215;-1.86
"1905422";2167;-2.17
"1905422";2144;-1.06
"1905422";2107;-1.73
"1905422";2063;-2.09
"1905422";2028;-1.70
"1905501";5197;-0.55
"1905501";5110;-1.67
"1905501";5035;-1.47
"1905501";4973;-1.23
"1905501";4881;-1.85
"1905501";4795;-1.76
"1905501";4670;-2.61
"1905502";3652;-1.75
"1905502";3649;-0.08
"1905502";3660;0.30
"1905502";3549;-3.03
"1905502";3466;-2.34
"1905502";3417;-1.41
"1905502";3405;-0.35
"1905503";3600;-0.91
"1905503";3556;-1.22
"1905503";3535;-0.59
"1905503";3497;-1.07
"1905503";3506;0.26
"1905503";3478;-0.80
"1905503";3462;-0.46
"1905505";4082;-1.31
"1905505";4061;-0.51
"1905505";4028;-0.81
"1905505";3994;-0.84
"1905505";3943;-1.28
"1905505";3864;-2.00
"1905505";3775;-2.30
"1905506";2034;-1.12
"1905506";2005;-1.43
"1905506";2002;-0.15
"1905506";1973;-1.45
"1905506";1963;-0.51
"1905506";1960;-0.15
"1905506";1919;-2.09
"1905507";4752;-1.02
"1905507";4713;-0.82
"1905507";4607;-2.25
"1905507";4586;-0.46
"1905507";4529;-1.24
"1905507";4480;-1.08
"1905507";4413;-1.50
"1905508";3391;0.27
"1905508";3383;-0.24
"1905508";3394;0.33
"1905508";3388;-0.18
"1905508";3398;0.30
"1905508";3370;-0.82
"1905508";3350;-0.59
"1905509";3645;-1.19
"1905509";3586;-1.62
"1905509";3520;-1.84
"1905509";3461;-1.68
"1905509";3420;-1.18
"1905509";3385;-1.02
"1905509";3293;-2.72
"1905511";1277;0.55
"1905511";1277;0.00
"1905511";1262;-1.17
"1905511";1236;-2.06
"1905511";1218;-1.46
"1905511";1194;-1.97
"1905511";1165;-2.43
"1905512";13769;-1.56
"1905512";13591;-1.29
"1905512";13423;-1.24
"1905512";13206;-1.62
"1905512";12906;-2.27
"1905512";12719;-1.45
"1905512";12445;-2.15
"1905514";4102;-0.92
"1905514";4093;-0.22
"1905514";4035;-1.42
"1905514";3996;-0.97
"1905514";3947;-1.23
"1905514";3910;-0.94
"1905514";3873;-0.95
"1905515";1361;2.25
"1905515";1359;-0.15
"1905515";1369;0.74
"1905515";1394;1.83
"1905515";1385;-0.65
"1905515";1366;-1.37
"1905515";1341;-1.83
"1905516";960;0.00
"1905516";969;0.94
"1905516";945;-2.48
"1905516";939;-0.63
"1905516";918;-2.24
"1905516";897;-2.29
"1905516";868;-3.23
"1905517";4044;-0.34
"1905517";4020;-0.59
"1905517";3997;-0.57
"1905517";3903;-2.35
"1905517";3824;-2.02
"1905517";3763;-1.60
"1905517";3620;-3.80
"1905518";2021;-0.59
"1905518";1995;-1.29
"1905518";1926;-3.46
"1905518";1905;-1.09
"1905518";1881;-1.26
"1905518";1862;-1.01
"1905518";1844;-0.97
"1905519";4373;-2.50
"1905519";4276;-2.22
"1905519";4216;-1.40
"1905519";4136;-1.90
"1905519";4067;-1.67
"1905519";3985;-2.02
"1905519";3951;-0.85
"1905520";883;-3.18
"1905520";872;-1.25
"1905520";856;-1.83
"1905520";853;-0.35
"1905520";846;-0.82
"1905520";818;-3.31
"1905520";819;0.12
"1905521";6648;-1.34
"1905521";6513;-2.03
"1905521";6460;-0.81
"1905521";6370;-1.39
"1905521";6245;-1.96
"1905521";6164;-1.30
"1905521";6054;-1.78
"1905522";805;-0.12
"1905522";797;-0.99
"1905522";813;2.01
"1905522";799;-1.72
"1905522";791;-1.00
"1905522";790;-0.13
"1905522";777;-1.65
"1905523";8104;0.25
"1905523";8004;-1.23
"1905523";7908;-1.20
"1905523";7683;-2.85
"1905523";7590;-1.21
"1905523";7395;-2.57
"1905523";7300;-1.28
"1905525";3864;-1.23
"1905525";3793;-1.84
"1905525";3706;-2.29
"1905525";3679;-0.73
"1905525";3609;-1.90
"1905525";3586;-0.64
"1905525";3525;-1.70
"1905526";5705;-1.31
"1905526";5585;-2.10
"1905526";5565;-0.36
"1905526";5502;-1.13
"1905526";5354;-2.69
"1905526";5212;-2.65
"1905526";5150;-1.19
"1905527";5656;-1.00
"1905527";5735;1.40
"1905527";5698;-0.65
"1905527";5654;-0.77
"1905527";5641;-0.23
"1905527";5551;-1.60
"1905527";5475;-1.37
"1905528";2155;0.89
"1905528";2170;0.70
"1905528";2172;0.09
"1905528";2163;-0.41
"1905528";2168;0.23
"1905528";2141;-1.25
"1905528";2085;-2.62
"1905529";2275;0.22
"1905529";2299;1.05
"1905529";2221;-3.39
"1905529";2243;0.99
"1905529";2243;0.00
"1905529";2222;-0.94
"1905529";2197;-1.13
"1905531";8466;-1.95
"1905531";8298;-1.98
"1905531";8299;0.01
"1905531";8153;-1.76
"1905531";7984;-2.07
"1905531";7791;-2.42
"1905531";7583;-2.67
"1905581";372;-2.36
"1905581";362;-2.69
"1905581";252;-30.39
"1905581";338;34.13
"1905581";338;0.00
"1905581";327;-3.25
"1905581";307;-6.12
